{"cameraMode":{"drawMode":0,"name":"Shaded","section":"Shading Mode"},"sceneLighting":false,"audioPlay":false,"sceneViewState":{"m_AlwaysRefresh":false,"showFog":true,"showSkybox":false,"showFlares":true,"showImageEffects":true,"showParticleSystems":true,"showVisualEffectGraphs":true,"m_FxEnabled":true},"in2DMode":false,"pivot":{"x":-0.05808819830417633,"y":0.1843392550945282,"z":-3.4956300258636476},"rotation":{"x":-0.1389741450548172,"y":0.8263323903083801,"z":-0.23253296315670014,"w":-0.49386802315711977},"size":1.0443029403686524,"orthographic":false}