{"cameraMode":{"drawMode":0,"name":"Shaded","section":"Shading Mode"},"sceneLighting":true,"audioPlay":false,"sceneViewState":{"m_AlwaysRefresh":false,"showFog":true,"showSkybox":true,"showFlares":true,"showImageEffects":true,"showParticleSystems":true,"showVisualEffectGraphs":true,"m_FxEnabled":true},"in2DMode":false,"pivot":{"x":336.3002624511719,"y":1172.0775146484375,"z":-1363.3516845703125},"rotation":{"x":-0.10149794816970825,"y":0.02219025231897831,"z":0.002314066980034113,"w":0.9946584701538086},"size":340.3119201660156,"orthographic":false}