{"cameraMode":{"drawMode":0,"name":"Shaded","section":"Shading Mode"},"sceneLighting":false,"audioPlay":false,"sceneViewState":{"m_AlwaysRefresh":false,"showFog":true,"showSkybox":true,"showFlares":true,"showImageEffects":true,"showParticleSystems":true,"showVisualEffectGraphs":true,"m_FxEnabled":true},"in2DMode":false,"pivot":{"x":-0.7501227259635925,"y":-1.7036597728729249,"z":7.866635799407959},"rotation":{"x":-0.09263022989034653,"y":0.03145558759570122,"z":-0.0029257191345095636,"w":-0.9952073693275452},"size":11.84603500366211,"orthographic":false}