{"cameraMode":{"drawMode":0,"name":"Shaded","section":"Shading Mode"},"sceneLighting":true,"audioPlay":false,"sceneViewState":{"m_AlwaysRefresh":false,"showFog":true,"showSkybox":true,"showFlares":true,"showImageEffects":true,"showParticleSystems":true,"showVisualEffectGraphs":true,"m_FxEnabled":true},"in2DMode":false,"pivot":{"x":-0.8398393392562866,"y":-0.6999456882476807,"z":-0.7610700130462647},"rotation":{"x":-0.08544528484344483,"y":0.8999404311180115,"z":-0.37551936507225039,"w":-0.20473626255989076},"size":2.3207311630249025,"orthographic":false}